arm,subset,ground_truth,prediction,count
A,canonical,VALID,VALID,189
A,canonical,VALID,INVALID,51
A,canonical,VALID,INDETERMINATE,0
A,canonical,VALID,UNAVAILABLE,0
A,canonical,INVALID,VALID,144
A,canonical,INVALID,INVALID,96
A,canonical,INVALID,INDETERMINATE,0
A,canonical,INVALID,UNAVAILABLE,0
A,canonical,INDETERMINATE,VALID,96
A,canonical,INDETERMINATE,INVALID,0
A,canonical,INDETERMINATE,INDETERMINATE,0
A,canonical,INDETERMINATE,UNAVAILABLE,0
A,single_fault,VALID,VALID,0
A,single_fault,VALID,INVALID,0
A,single_fault,VALID,INDETERMINATE,0
A,single_fault,VALID,UNAVAILABLE,0
A,single_fault,INVALID,VALID,297
A,single_fault,INVALID,INVALID,39
A,single_fault,INVALID,INDETERMINATE,0
A,single_fault,INVALID,UNAVAILABLE,0
A,single_fault,INDETERMINATE,VALID,144
A,single_fault,INDETERMINATE,INVALID,0
A,single_fault,INDETERMINATE,INDETERMINATE,0
A,single_fault,INDETERMINATE,UNAVAILABLE,0
A,compound_fault,VALID,VALID,0
A,compound_fault,VALID,INVALID,0
A,compound_fault,VALID,INDETERMINATE,0
A,compound_fault,VALID,UNAVAILABLE,0
A,compound_fault,INVALID,VALID,48
A,compound_fault,INVALID,INVALID,48
A,compound_fault,INVALID,INDETERMINATE,0
A,compound_fault,INVALID,UNAVAILABLE,0
A,compound_fault,INDETERMINATE,VALID,0
A,compound_fault,INDETERMINATE,INVALID,0
A,compound_fault,INDETERMINATE,INDETERMINATE,0
A,compound_fault,INDETERMINATE,UNAVAILABLE,0
A,all,VALID,VALID,189
A,all,VALID,INVALID,51
A,all,VALID,INDETERMINATE,0
A,all,VALID,UNAVAILABLE,0
A,all,INVALID,VALID,489
A,all,INVALID,INVALID,183
A,all,INVALID,INDETERMINATE,0
A,all,INVALID,UNAVAILABLE,0
A,all,INDETERMINATE,VALID,240
A,all,INDETERMINATE,INVALID,0
A,all,INDETERMINATE,INDETERMINATE,0
A,all,INDETERMINATE,UNAVAILABLE,0
B,canonical,VALID,VALID,240
B,canonical,VALID,INVALID,0
B,canonical,VALID,INDETERMINATE,0
B,canonical,VALID,UNAVAILABLE,0
B,canonical,INVALID,VALID,240
B,canonical,INVALID,INVALID,0
B,canonical,INVALID,INDETERMINATE,0
B,canonical,INVALID,UNAVAILABLE,0
B,canonical,INDETERMINATE,VALID,96
B,canonical,INDETERMINATE,INVALID,0
B,canonical,INDETERMINATE,INDETERMINATE,0
B,canonical,INDETERMINATE,UNAVAILABLE,0
B,single_fault,VALID,VALID,0
B,single_fault,VALID,INVALID,0
B,single_fault,VALID,INDETERMINATE,0
B,single_fault,VALID,UNAVAILABLE,0
B,single_fault,INVALID,VALID,336
B,single_fault,INVALID,INVALID,0
B,single_fault,INVALID,INDETERMINATE,0
B,single_fault,INVALID,UNAVAILABLE,0
B,single_fault,INDETERMINATE,VALID,144
B,single_fault,INDETERMINATE,INVALID,0
B,single_fault,INDETERMINATE,INDETERMINATE,0
B,single_fault,INDETERMINATE,UNAVAILABLE,0
B,compound_fault,VALID,VALID,0
B,compound_fault,VALID,INVALID,0
B,compound_fault,VALID,INDETERMINATE,0
B,compound_fault,VALID,UNAVAILABLE,0
B,compound_fault,INVALID,VALID,96
B,compound_fault,INVALID,INVALID,0
B,compound_fault,INVALID,INDETERMINATE,0
B,compound_fault,INVALID,UNAVAILABLE,0
B,compound_fault,INDETERMINATE,VALID,0
B,compound_fault,INDETERMINATE,INVALID,0
B,compound_fault,INDETERMINATE,INDETERMINATE,0
B,compound_fault,INDETERMINATE,UNAVAILABLE,0
B,all,VALID,VALID,240
B,all,VALID,INVALID,0
B,all,VALID,INDETERMINATE,0
B,all,VALID,UNAVAILABLE,0
B,all,INVALID,VALID,672
B,all,INVALID,INVALID,0
B,all,INVALID,INDETERMINATE,0
B,all,INVALID,UNAVAILABLE,0
B,all,INDETERMINATE,VALID,240
B,all,INDETERMINATE,INVALID,0
B,all,INDETERMINATE,INDETERMINATE,0
B,all,INDETERMINATE,UNAVAILABLE,0
C,canonical,VALID,VALID,0
C,canonical,VALID,INVALID,0
C,canonical,VALID,INDETERMINATE,0
C,canonical,VALID,UNAVAILABLE,240
C,canonical,INVALID,VALID,0
C,canonical,INVALID,INVALID,0
C,canonical,INVALID,INDETERMINATE,0
C,canonical,INVALID,UNAVAILABLE,240
C,canonical,INDETERMINATE,VALID,0
C,canonical,INDETERMINATE,INVALID,0
C,canonical,INDETERMINATE,INDETERMINATE,0
C,canonical,INDETERMINATE,UNAVAILABLE,96
C,single_fault,VALID,VALID,0
C,single_fault,VALID,INVALID,0
C,single_fault,VALID,INDETERMINATE,0
C,single_fault,VALID,UNAVAILABLE,0
C,single_fault,INVALID,VALID,0
C,single_fault,INVALID,INVALID,0
C,single_fault,INVALID,INDETERMINATE,0
C,single_fault,INVALID,UNAVAILABLE,336
C,single_fault,INDETERMINATE,VALID,0
C,single_fault,INDETERMINATE,INVALID,0
C,single_fault,INDETERMINATE,INDETERMINATE,0
C,single_fault,INDETERMINATE,UNAVAILABLE,144
C,compound_fault,VALID,VALID,0
C,compound_fault,VALID,INVALID,0
C,compound_fault,VALID,INDETERMINATE,0
C,compound_fault,VALID,UNAVAILABLE,0
C,compound_fault,INVALID,VALID,0
C,compound_fault,INVALID,INVALID,0
C,compound_fault,INVALID,INDETERMINATE,0
C,compound_fault,INVALID,UNAVAILABLE,96
C,compound_fault,INDETERMINATE,VALID,0
C,compound_fault,INDETERMINATE,INVALID,0
C,compound_fault,INDETERMINATE,INDETERMINATE,0
C,compound_fault,INDETERMINATE,UNAVAILABLE,0
C,all,VALID,VALID,0
C,all,VALID,INVALID,0
C,all,VALID,INDETERMINATE,0
C,all,VALID,UNAVAILABLE,240
C,all,INVALID,VALID,0
C,all,INVALID,INVALID,0
C,all,INVALID,INDETERMINATE,0
C,all,INVALID,UNAVAILABLE,672
C,all,INDETERMINATE,VALID,0
C,all,INDETERMINATE,INVALID,0
C,all,INDETERMINATE,INDETERMINATE,0
C,all,INDETERMINATE,UNAVAILABLE,240
D,canonical,VALID,VALID,240
D,canonical,VALID,INVALID,0
D,canonical,VALID,INDETERMINATE,0
D,canonical,VALID,UNAVAILABLE,0
D,canonical,INVALID,VALID,192
D,canonical,INVALID,INVALID,48
D,canonical,INVALID,INDETERMINATE,0
D,canonical,INVALID,UNAVAILABLE,0
D,canonical,INDETERMINATE,VALID,72
D,canonical,INDETERMINATE,INVALID,0
D,canonical,INDETERMINATE,INDETERMINATE,24
D,canonical,INDETERMINATE,UNAVAILABLE,0
D,single_fault,VALID,VALID,0
D,single_fault,VALID,INVALID,0
D,single_fault,VALID,INDETERMINATE,0
D,single_fault,VALID,UNAVAILABLE,0
D,single_fault,INVALID,VALID,216
D,single_fault,INVALID,INVALID,120
D,single_fault,INVALID,INDETERMINATE,0
D,single_fault,INVALID,UNAVAILABLE,0
D,single_fault,INDETERMINATE,VALID,120
D,single_fault,INDETERMINATE,INVALID,0
D,single_fault,INDETERMINATE,INDETERMINATE,24
D,single_fault,INDETERMINATE,UNAVAILABLE,0
D,compound_fault,VALID,VALID,0
D,compound_fault,VALID,INVALID,0
D,compound_fault,VALID,INDETERMINATE,0
D,compound_fault,VALID,UNAVAILABLE,0
D,compound_fault,INVALID,VALID,96
D,compound_fault,INVALID,INVALID,0
D,compound_fault,INVALID,INDETERMINATE,0
D,compound_fault,INVALID,UNAVAILABLE,0
D,compound_fault,INDETERMINATE,VALID,0
D,compound_fault,INDETERMINATE,INVALID,0
D,compound_fault,INDETERMINATE,INDETERMINATE,0
D,compound_fault,INDETERMINATE,UNAVAILABLE,0
D,all,VALID,VALID,240
D,all,VALID,INVALID,0
D,all,VALID,INDETERMINATE,0
D,all,VALID,UNAVAILABLE,0
D,all,INVALID,VALID,504
D,all,INVALID,INVALID,168
D,all,INVALID,INDETERMINATE,0
D,all,INVALID,UNAVAILABLE,0
D,all,INDETERMINATE,VALID,192
D,all,INDETERMINATE,INVALID,0
D,all,INDETERMINATE,INDETERMINATE,48
D,all,INDETERMINATE,UNAVAILABLE,0
E,canonical,VALID,VALID,240
E,canonical,VALID,INVALID,0
E,canonical,VALID,INDETERMINATE,0
E,canonical,VALID,UNAVAILABLE,0
E,canonical,INVALID,VALID,0
E,canonical,INVALID,INVALID,240
E,canonical,INVALID,INDETERMINATE,0
E,canonical,INVALID,UNAVAILABLE,0
E,canonical,INDETERMINATE,VALID,0
E,canonical,INDETERMINATE,INVALID,0
E,canonical,INDETERMINATE,INDETERMINATE,96
E,canonical,INDETERMINATE,UNAVAILABLE,0
E,single_fault,VALID,VALID,0
E,single_fault,VALID,INVALID,0
E,single_fault,VALID,INDETERMINATE,0
E,single_fault,VALID,UNAVAILABLE,0
E,single_fault,INVALID,VALID,0
E,single_fault,INVALID,INVALID,336
E,single_fault,INVALID,INDETERMINATE,0
E,single_fault,INVALID,UNAVAILABLE,0
E,single_fault,INDETERMINATE,VALID,0
E,single_fault,INDETERMINATE,INVALID,0
E,single_fault,INDETERMINATE,INDETERMINATE,144
E,single_fault,INDETERMINATE,UNAVAILABLE,0
E,compound_fault,VALID,VALID,0
E,compound_fault,VALID,INVALID,0
E,compound_fault,VALID,INDETERMINATE,0
E,compound_fault,VALID,UNAVAILABLE,0
E,compound_fault,INVALID,VALID,0
E,compound_fault,INVALID,INVALID,96
E,compound_fault,INVALID,INDETERMINATE,0
E,compound_fault,INVALID,UNAVAILABLE,0
E,compound_fault,INDETERMINATE,VALID,0
E,compound_fault,INDETERMINATE,INVALID,0
E,compound_fault,INDETERMINATE,INDETERMINATE,0
E,compound_fault,INDETERMINATE,UNAVAILABLE,0
E,all,VALID,VALID,240
E,all,VALID,INVALID,0
E,all,VALID,INDETERMINATE,0
E,all,VALID,UNAVAILABLE,0
E,all,INVALID,VALID,0
E,all,INVALID,INVALID,672
E,all,INVALID,INDETERMINATE,0
E,all,INVALID,UNAVAILABLE,0
E,all,INDETERMINATE,VALID,0
E,all,INDETERMINATE,INVALID,0
E,all,INDETERMINATE,INDETERMINATE,240
E,all,INDETERMINATE,UNAVAILABLE,0
F,canonical,VALID,VALID,240
F,canonical,VALID,INVALID,0
F,canonical,VALID,INDETERMINATE,0
F,canonical,VALID,UNAVAILABLE,0
F,canonical,INVALID,VALID,0
F,canonical,INVALID,INVALID,240
F,canonical,INVALID,INDETERMINATE,0
F,canonical,INVALID,UNAVAILABLE,0
F,canonical,INDETERMINATE,VALID,0
F,canonical,INDETERMINATE,INVALID,0
F,canonical,INDETERMINATE,INDETERMINATE,96
F,canonical,INDETERMINATE,UNAVAILABLE,0
F,single_fault,VALID,VALID,0
F,single_fault,VALID,INVALID,0
F,single_fault,VALID,INDETERMINATE,0
F,single_fault,VALID,UNAVAILABLE,0
F,single_fault,INVALID,VALID,0
F,single_fault,INVALID,INVALID,336
F,single_fault,INVALID,INDETERMINATE,0
F,single_fault,INVALID,UNAVAILABLE,0
F,single_fault,INDETERMINATE,VALID,0
F,single_fault,INDETERMINATE,INVALID,0
F,single_fault,INDETERMINATE,INDETERMINATE,144
F,single_fault,INDETERMINATE,UNAVAILABLE,0
F,compound_fault,VALID,VALID,0
F,compound_fault,VALID,INVALID,0
F,compound_fault,VALID,INDETERMINATE,0
F,compound_fault,VALID,UNAVAILABLE,0
F,compound_fault,INVALID,VALID,0
F,compound_fault,INVALID,INVALID,96
F,compound_fault,INVALID,INDETERMINATE,0
F,compound_fault,INVALID,UNAVAILABLE,0
F,compound_fault,INDETERMINATE,VALID,0
F,compound_fault,INDETERMINATE,INVALID,0
F,compound_fault,INDETERMINATE,INDETERMINATE,0
F,compound_fault,INDETERMINATE,UNAVAILABLE,0
F,all,VALID,VALID,240
F,all,VALID,INVALID,0
F,all,VALID,INDETERMINATE,0
F,all,VALID,UNAVAILABLE,0
F,all,INVALID,VALID,0
F,all,INVALID,INVALID,672
F,all,INVALID,INDETERMINATE,0
F,all,INVALID,UNAVAILABLE,0
F,all,INDETERMINATE,VALID,0
F,all,INDETERMINATE,INVALID,0
F,all,INDETERMINATE,INDETERMINATE,240
F,all,INDETERMINATE,UNAVAILABLE,0
