case_id,mutations,dependencies,attestations,chronicle,beliefs,relationships,semantic_mode,expected_result,expected_signature_count,quorum,witness_bytes,proposal_bytes,core_bytes,validation_records_bytes,receipt_bytes,predecessor_bytes,candidate_bytes,context_bytes,groups,complexity_m_plus_d_plus_a,count,median,p95,p99
m1-d0-a0-h16-b16-r16-native,1,0,0,16,16,16,native,VALID,2,1,1407,691,728,2,618,12976,12976,2829,mutations;dependencies;attestations;chronicle;beliefs;relationships;complexity;size_grid;semantic_comparison,1,300,6210312.5,6351914.25,6439393.25
m4-d0-a0-h16-b16-r16-native,4,0,0,16,16,16,native,VALID,2,1,1872,1156,1193,2,618,12976,12976,2829,mutations,4,300,6312146.0,6575107.7,7476978.749999995
m16-d0-a0-h16-b16-r16-native,16,0,0,16,16,16,native,VALID,2,1,3732,3016,3053,2,618,12976,12976,2829,mutations,16,300,6638604.5,6778166.35,10032568.74999998
m64-d0-a0-h16-b16-r16-native,64,0,0,16,16,16,native,VALID,2,1,11172,10456,10493,2,618,12976,12976,2829,mutations,64,300,7841500.0,8009554.45,8087202.83
m256-d0-a0-h16-b16-r16-native,256,0,0,16,16,16,native,VALID,2,1,40932,40216,40253,2,618,12976,12976,2829,mutations,256,300,12965125.0,13227239.6,33689451.579999976
m1-d4-a0-h16-b16-r16-native,1,4,0,16,16,16,native,VALID,2,1,2081,1365,1402,2,618,12976,12976,3528,dependencies;size_grid,5,300,6394354.0,6630084.0,6855410.499999999
m1-d16-a0-h16-b16-r16-native,1,16,0,16,16,16,native,VALID,2,1,4109,3393,3430,2,618,12976,12976,5628,dependencies;size_grid,17,300,6789249.5,6952970.2,7724658.3299999805
m1-d64-a0-h16-b16-r16-native,1,64,0,16,16,16,native,VALID,2,1,12221,11505,11542,2,618,12976,12976,14028,dependencies;size_grid,65,300,8395250.0,8589901.75,13831325.089999938
m1-d256-a0-h16-b16-r16-native,1,256,0,16,16,16,native,VALID,2,1,44669,43953,43990,2,618,12976,12976,47628,dependencies;size_grid,257,300,14792520.5,15087416.7,15274387.49999999
m1-d0-a1-h16-b16-r16-I_bel,1,0,1,16,16,16,I_bel,VALID,3,1,1824,691,1145,419,618,12976,12976,3072,attestations;size_grid,2,300,6392896.0,6511995.85,6576923.75
m1-d0-a3-h16-b16-r16-I_bel,1,0,3,16,16,16,I_bel,VALID,5,1,2660,691,1981,1255,618,12976,12976,3558,attestations;size_grid,4,300,6855187.5,7023182.7,7303571.579999961
m1-d0-a5-h16-b16-r16-I_bel,1,0,5,16,16,16,I_bel,VALID,7,1,3496,691,2817,2091,618,12976,12976,4044,attestations;size_grid,6,300,7299917.0,7460999.7,7565101.5799999675
m1-d0-a10-h16-b16-r16-I_bel,1,0,10,16,16,16,I_bel,VALID,12,1,5586,691,4907,4181,618,12976,12976,5259,attestations;size_grid,11,300,8370958.5,8707412.5,9446923.839999994
m1-d0-a32-h16-b16-r16-I_bel,1,0,32,16,16,16,I_bel,VALID,34,1,14782,691,14103,13377,618,12976,12976,10605,attestations;size_grid,33,300,13223708.5,13887722.95,14605752.739999998
m1-d0-a0-h0-b16-r16-native,1,0,0,0,16,16,native,VALID,2,1,1407,691,728,2,618,6561,6561,2829,chronicle,1,300,3690208.0,3778728.85,3827953.84
m1-d0-a0-h64-b16-r16-native,1,0,0,64,16,16,native,VALID,2,1,1407,691,728,2,618,32224,32224,2829,chronicle,1,300,13872188.0,15133120.500000002,35540689.40999998
m1-d0-a0-h256-b16-r16-native,1,0,0,256,16,16,native,VALID,2,1,1407,691,728,2,618,109216,109216,2829,chronicle,1,300,45453063.0,66953143.75000001,74135369.08
m1-d0-a0-h1024-b16-r16-native,1,0,0,1024,16,16,native,VALID,2,1,1407,691,728,2,618,417184,417184,2829,chronicle,1,300,212796354.0,220127691.35000002,243929850.24
m1-d0-a0-h16-b0-r16-native,1,0,0,16,0,16,native,VALID,2,1,1407,691,728,2,618,10433,10433,2829,beliefs,1,300,4874416.5,5059239.55,7582598.749999983
m1-d0-a0-h16-b64-r16-native,1,0,0,16,64,16,native,VALID,2,1,1407,691,728,2,618,20608,20608,2829,beliefs,1,300,10369021.0,10547227.1,15813094.169999918
m1-d0-a0-h16-b256-r16-native,1,0,0,16,256,16,native,VALID,2,1,1407,691,728,2,618,51136,51136,2829,beliefs,1,300,26787500.0,33915131.55000001,51300648.839999996
m1-d0-a0-h16-b1024-r16-native,1,0,0,16,1024,16,native,VALID,2,1,1407,691,728,2,618,173248,173248,2829,beliefs,1,300,115376791.5,119359806.25,120866210.49999993
m1-d0-a0-h16-b16-r0-native,1,0,0,16,16,0,native,VALID,2,1,1407,691,728,2,618,10545,10545,2829,relationships,1,300,5141145.5,7065081.900000005,9648449.909999955
m1-d0-a0-h16-b16-r64-native,1,0,0,16,16,64,native,VALID,2,1,1407,691,728,2,618,20272,20272,2829,relationships,1,300,9654770.5,9856755.9,11362861.66999981
m1-d0-a0-h16-b16-r256-native,1,0,0,16,16,256,native,VALID,2,1,1407,691,728,2,618,49456,49456,2829,relationships,1,300,22985958.5,37872200.60000006,46896898.75
m1-d0-a0-h16-b16-r1024-native,1,0,0,16,16,1024,native,VALID,2,1,1407,691,728,2,618,166192,166192,2829,relationships,1,300,100883959.0,124739655.65,152894519.16999993
m4-d4-a1-h16-b16-r16-I_bel,4,4,1,16,16,16,I_bel,VALID,3,1,2963,1830,2284,419,618,12976,12976,3771,complexity,9,300,6700312.5,6861047.3,6901465.92
m16-d16-a3-h16-b16-r16-I_bel,16,16,3,16,16,16,I_bel,VALID,5,1,7687,5718,7008,1255,618,12976,12976,6357,complexity,35,300,8618021.0,9200831.25,10139057.999999998
m64-d64-a10-h16-b16-r16-I_bel,64,64,10,16,16,16,I_bel,VALID,12,1,26165,21270,25486,4181,618,12976,12976,16458,complexity,138,300,23397937.0,23657456.25,29169207.16999991
m256-d256-a32-h16-b16-r16-I_bel,256,256,32,16,16,16,I_bel,VALID,34,1,97569,83478,96890,13377,618,12976,12976,55404,complexity,544,300,172922813.0,196557201.45,216124800.51
m1-d4-a1-h16-b16-r16-I_bel,1,4,1,16,16,16,I_bel,VALID,3,1,2498,1365,1819,419,618,12976,12976,3771,size_grid,6,300,6620750.0,6924437.2,8072680.589999995
m1-d4-a3-h16-b16-r16-I_bel,1,4,3,16,16,16,I_bel,VALID,5,1,3334,1365,2655,1255,618,12976,12976,4257,size_grid,8,300,7153854.0,7845606.600000001,10905451.749999968
m1-d4-a5-h16-b16-r16-I_bel,1,4,5,16,16,16,I_bel,VALID,7,1,4170,1365,3491,2091,618,12976,12976,4743,size_grid,10,300,7667542.0,7806901.8,7863779.17
m1-d4-a10-h16-b16-r16-I_bel,1,4,10,16,16,16,I_bel,VALID,12,1,6260,1365,5581,4181,618,12976,12976,5958,size_grid,15,300,8904479.0,9109231.55,9281179.999999993
m1-d4-a32-h16-b16-r16-I_bel,1,4,32,16,16,16,I_bel,VALID,34,1,15456,1365,14777,13377,618,12976,12976,11304,size_grid,37,300,14695729.0,15573966.7,16019602.169999998
m1-d16-a1-h16-b16-r16-I_bel,1,16,1,16,16,16,I_bel,VALID,3,1,4526,3393,3847,419,618,12976,12976,5871,size_grid,18,300,7123958.5,7290544.4,7437209.999999974
m1-d16-a3-h16-b16-r16-I_bel,1,16,3,16,16,16,I_bel,VALID,5,1,5362,3393,4683,1255,618,12976,12976,6357,size_grid,20,300,7906083.0,8081573.2,8227838.25
m1-d16-a5-h16-b16-r16-I_bel,1,16,5,16,16,16,I_bel,VALID,7,1,6198,3393,5519,2091,618,12976,12976,6843,size_grid,22,300,8617291.5,9066551.75,14256520.32999998
m1-d16-a10-h16-b16-r16-I_bel,1,16,10,16,16,16,I_bel,VALID,12,1,8288,3393,7609,4181,618,12976,12976,8058,size_grid,27,300,10503999.5,11211871.15,15221168.829999987
m1-d16-a32-h16-b16-r16-I_bel,1,16,32,16,16,16,I_bel,VALID,34,1,17484,3393,16805,13377,618,12976,12976,13404,size_grid,49,300,18684854.0,19271631.900000002,21158165.089999992
m1-d64-a1-h16-b16-r16-I_bel,1,64,1,16,16,16,I_bel,VALID,3,1,12638,11505,11959,419,618,12976,12976,14271,size_grid,66,300,9144541.5,9295579.15,9361923.51
m1-d64-a3-h16-b16-r16-I_bel,1,64,3,16,16,16,I_bel,VALID,5,1,13474,11505,12795,1255,618,12976,12976,14757,size_grid,68,300,10822667.0,10967047.9,11712152.589999959
m1-d64-a5-h16-b16-r16-I_bel,1,64,5,16,16,16,I_bel,VALID,7,1,14310,11505,13631,2091,618,12976,12976,15243,size_grid,70,300,12515874.5,12840706.25,13014473.33
m1-d64-a10-h16-b16-r16-I_bel,1,64,10,16,16,16,I_bel,VALID,12,1,16400,11505,15721,4181,618,12976,12976,16458,size_grid,75,300,16542750.0,16942039.6,17793025.839999996
m1-d64-a32-h16-b16-r16-I_bel,1,64,32,16,16,16,I_bel,VALID,34,1,25596,11505,24917,13377,618,12976,12976,21804,size_grid,97,300,34626895.5,35112981.9,43207702.73999995
m1-d256-a1-h16-b16-r16-I_bel,1,256,1,16,16,16,I_bel,VALID,3,1,45086,43953,44407,419,618,12976,12976,47871,size_grid,258,300,17402250.0,17773683.65,18921621.00999999
m1-d256-a3-h16-b16-r16-I_bel,1,256,3,16,16,16,I_bel,VALID,5,1,45922,43953,45243,1255,618,12976,12976,48357,size_grid,260,300,22750479.0,26055485.1,33117262.669999987
m1-d256-a5-h16-b16-r16-I_bel,1,256,5,16,16,16,I_bel,VALID,7,1,46758,43953,46079,2091,618,12976,12976,48843,size_grid,262,300,27878167.0,30729914.6,36235111.33
m1-d256-a10-h16-b16-r16-I_bel,1,256,10,16,16,16,I_bel,VALID,12,1,48848,43953,48169,4181,618,12976,12976,50058,size_grid,267,300,41194562.5,42573306.6,56529734.07999998
m1-d256-a32-h16-b16-r16-I_bel,1,256,32,16,16,16,I_bel,VALID,34,1,58044,43953,57365,13377,618,12976,12976,55404,size_grid,289,300,98565479.5,102079560.4,121831431.75999995
m1-d0-a10-h16-b16-r16-all,1,0,10,16,16,16,all,VALID,12,2,5592,691,4913,4187,618,12976,12976,5259,semantic_comparison,11,300,8063708.5,8707474.7,9757695.919999994
m1-d0-a0-h256-b256-r256-native,1,0,0,256,256,256,native,VALID,2,1,1407,691,728,2,618,183856,183856,2829,semantic_comparison;individual_semantics,1,300,83681083.5,109006443.75,110140929.41
m1-d0-a10-h256-b256-r256-all,1,0,10,256,256,256,all,VALID,12,2,5592,691,4913,4187,618,183856,183856,5259,semantic_comparison,11,300,81076021.0,104242345.5,108864266.57999992
m1-d0-a0-h1024-b1024-r1024-native,1,0,0,1024,1024,1024,native,VALID,2,1,1407,691,728,2,618,730672,730672,2829,semantic_comparison,1,300,420969604.5,439103871.15000004,453763985.0
m1-d0-a10-h1024-b1024-r1024-all,1,0,10,1024,1024,1024,all,VALID,12,2,5592,691,4913,4187,618,730672,730672,5259,semantic_comparison,11,300,369991395.5,387581349.7,405304672.92
m1-d0-a2-h256-b256-r256-I_hist,1,0,2,256,256,256,I_hist,VALID,4,1,2244,691,1565,839,618,183856,183856,3315,individual_semantics,3,300,78489854.0,102902119.05,115116928.57999995
m1-d0-a2-h256-b256-r256-I_temp,1,0,2,256,256,256,I_temp,VALID,4,1,2244,691,1565,839,618,183856,183856,3315,individual_semantics,3,300,83407229.0,108062133.95,112823988.24999985
m1-d0-a2-h256-b256-r256-I_bel,1,0,2,256,256,256,I_bel,VALID,4,1,2242,691,1563,837,618,183856,183856,3315,individual_semantics,3,300,83369104.0,108744551.75,110041966.99
m1-d0-a2-h256-b256-r256-I_rel,1,0,2,256,256,256,I_rel,VALID,4,1,2242,691,1563,837,618,183856,183856,3315,individual_semantics,3,300,84029687.5,108945217.3,121516320.91999997
m1-d0-a2-h256-b256-r256-I_norm,1,0,2,256,256,256,I_norm,VALID,4,1,2244,691,1565,839,618,183856,183856,3315,individual_semantics,3,300,84529167.0,109480728.55,118569647.91999999
